Date,Date,Price,WTI_Open,WTI_High,WTI_Low,WTI_Close,WTI_Return_1d,WTI_Return_5d,WTI_Return_20d,WTI_Return_60d,WTI_Volatility_20d,WTI_Volatility_60d,WTI_MA_5,WTI_MA_20,WTI_MA_60,WTI_High_20d,WTI_Low_20d,WTI_Breakout_High,WTI_Breakdown_Low,WTI_Golden_Cross,WTI_Death_Cross,WTI_Month,WTI_Weekday,OVX_Price,VIX_Price,SPX_Price,DXY_Price,GOLD_Price,XLE_Price,CRB_Price,BTC_Price,WTI_Fut_Price,WTI_Fut_Vol,WTI_MM_Net,WTI_Basis,BDTI,C_stock,stock,Cushing_stock,US_OR,China_wholeprice,China_retailprice,US_stock_strategy,US_out,OPEC_out,OPEC_supply,OPEC_pro,China_final_import,China_final_export,China_final_con,Total_con,US_con,China_con,Germany_con,Japan_con,India_con,Euro_con,Russia_con,OECD_con,China_out,EU_out,Iran_out,Iraq_out,Norway_out,OECD_out,Russia_out,SA_out,UAE_out,Brazil_out,Canada_out,Total_out,AUD_USD_Rate,WTI_Crude_Oil,US_Dollar_Index,Emerging_Markets_ETF,Gold_Futures,Copper_Futures,Natural_Gas_Futures,SP500_Index,VIX_Index,Treasury_10Y_Yield,Real_Interest_Rate_10Y,Breakeven_Inflation_10Y,High_Yield_Spread,Financial_Stress_Index,M2_Money_Supply,Industrial_Production,Unemployment_Rate,Consumer_Sentiment,NUMBER_ARTICLES,TPUD_ARTICLES,TPUD_index,TPUD_index_MA7,TPUD_index_MA30,total_events,conflict_count,conflict_intensity_mean,conflict_intensity_sum,mentions_mean,mentions_sum,tone_mean,original_month,GPR,GPRT,GPRA,GPRH,GPRHT,GPRHA,SHARE_GPR,N10,SHARE_GPRH,N3H,GPRH_NOEW,GPR_NOEW,GPRH_AND,GPR_AND,GPRH_BASIC,GPR_BASIC,SHAREH_CAT_1,SHAREH_CAT_2,SHAREH_CAT_3,SHAREH_CAT_4,SHAREH_CAT_5,SHAREH_CAT_6,SHAREH_CAT_7,SHAREH_CAT_8,GPRC_ARG,GPRC_AUS,GPRC_BEL,GPRC_BRA,GPRC_CAN,GPRC_CHE,GPRC_CHL,GPRC_CHN,GPRC_COL,GPRC_DEU,GPRC_DNK,GPRC_EGY,GPRC_ESP,GPRC_FIN,GPRC_FRA,GPRC_GBR,GPRC_HKG,GPRC_HUN,GPRC_IDN,GPRC_IND,GPRC_ISR,GPRC_ITA,GPRC_JPN,GPRC_KOR,GPRC_MEX,GPRC_MYS,GPRC_NLD,GPRC_NOR,GPRC_PER,GPRC_PHL,GPRC_POL,GPRC_PRT,GPRC_RUS,GPRC_SAU,GPRC_SWE,GPRC_THA,GPRC_TUN,GPRC_TUR,GPRC_TWN,GPRC_UKR,GPRC_USA,GPRC_VEN,GPRC_VNM,GPRC_ZAF,GPRHC_ARG,GPRHC_AUS,GPRHC_BEL,GPRHC_BRA,GPRHC_CAN,GPRHC_CHE,GPRHC_CHL,GPRHC_CHN,GPRHC_COL,GPRHC_DEU,GPRHC_DNK,GPRHC_EGY,GPRHC_ESP,GPRHC_FIN,GPRHC_FRA,GPRHC_GBR,GPRHC_HKG,GPRHC_HUN,GPRHC_IDN,GPRHC_IND,GPRHC_ISR,GPRHC_ITA,GPRHC_JPN,GPRHC_KOR,GPRHC_MEX,GPRHC_MYS,GPRHC_NLD,GPRHC_NOR,GPRHC_PER,GPRHC_PHL,GPRHC_POL,GPRHC_PRT,GPRHC_RUS,GPRHC_SAU,GPRHC_SWE,GPRHC_THA,GPRHC_TUN,GPRHC_TUR,GPRHC_TWN,GPRHC_UKR,GPRHC_USA,GPRHC_VEN,GPRHC_VNM,GPRHC_ZAF
2026-01-01,,,,,,,,,,,,,,,,,,,,,,,,,,,,,,,,,,,,,,,,,,,,410638.0,,,,,,,,,,,,,,,,,,,,,,,,,,,,,,,,,,,,,,,,,,,,,,,,,,,,,,,,,,,,,,,,,,,,,,,,,,,,,,,,,,,,,,,,,,,,,,,,,,,,,,,,,,,,,,,,,,,,,,,,,,,,,,,,,,,,,,,,,,,,,,,,,,,,,,,,,,,,,,,,,,,,,,,,,,
2026-01-02,,57.21,57.21,57.21,57.21,57.21,,,,,,,,,,,,0.0,0.0,0.0,0.0,1.0,4.0,28.4,14.51,,119.6059,,45.65,,,,,,,,419056.0,419056.0,22840.0,,,,,,,,,,,,,,,,,,,,,,,,,,,,,,,,,,,,56.24,,,,6858.47,,,,,,-0.5644,,,,,401.0,14.0,349.1271820448878,299.0931002197516,299.3230591300947,73887.0,21332.0,-5.8099615600975065,-123938.1,11.6554062284299,861183.0,-2.261504074348374,,,,,,,,,,,,,,,,,,,,,,,,,,,,,,,,,,,,,,,,,,,,,,,,,,,,,,,,,,,,,,,,,,,,,,,,,,,,,,,,,,,,,,,,,,,,,,,,,,,,,,,,,,,,,,,,,
2026-01-03,,,,,,,,,,,,,,,,,,,,,,,,,,,119.6059,,,,,,,,,,419056.0,419056.0,22840.0,,,,,,,,,,,,,,,,,,,,,,,,,,,,,,,,,,,,,,,,6858.47,,,,,,-0.5644,,,,,333.0,7.0,210.2102102102102,289.5626906893421,295.3107823905453,70613.0,23552.0,-5.487899116847826,-129251.0,12.721071190857208,898273.0,-2.8960261519467942,,,,,,,,,,,,,,,,,,,,,,,,,,,,,,,,,,,,,,,,,,,,,,,,,,,,,,,,,,,,,,,,,,,,,,,,,,,,,,,,,,,,,,,,,,,,,,,,,,,,,,,,,,,,,,,,,
2026-01-04,,,,,,,,,,,,,,,,,,,,,,,,,,,119.6059,,,,,,,,,,419056.0,419056.0,22840.0,,,,,,,,,,,,,,,,,,,,,,,,,,,,,,,,,,,,,,,,6858.47,,,,,,-0.5644,,,,,538.0,9.0,167.2862453531598,268.910681189749,290.7859804679739,73331.0,24178.0,-5.610782529572338,-135657.5,12.331374180087549,904272.0,-2.761737867875508,,,,,,,,,,,,,,,,,,,,,,,,,,,,,,,,,,,,,,,,,,,,,,,,,,,,,,,,,,,,,,,,,,,,,,,,,,,,,,,,,,,,,,,,,,,,,,,,,,,,,,,,,,,,,,,,,
2026-01-05,,58.1,58.1,58.1,58.1,58.1,1.555672085299764,,,,,,,,,,,0.0,0.0,0.0,0.0,1.0,0.0,29.41,14.9,,119.6192,,46.89,,,,,,,,419056.0,419056.0,22840.0,,,,,,,,,,,,,,,,,,,,,,,,,,,,,,,,,,,,56.86,,,,6902.05,,,,,,-0.5644,,,,,388.0,12.0,309.2783505154639,263.690256170756,293.1165354142341,112019.0,35396.0,-5.560715900101706,-196827.1,11.619823422812201,1301641.0,-2.5670725541720567,,,,,,,,,,,,,,,,,,,,,,,,,,,,,,,,,,,,,,,,,,,,,,,,,,,,,,,,,,,,,,,,,,,,,,,,,,,,,,,,,,,,,,,,,,,,,,,,,,,,,,,,,,,,,,,,,
2026-01-06,,56.97,56.97,56.97,56.97,56.97,-1.9449225473321952,,,,,,,,,,,0.0,0.0,0.0,0.0,1.0,1.0,30.06,14.75,,119.7807,,45.64,,,,,,,,419056.0,419056.0,22840.0,,,,,,,,,,,,,,,,,,,,,,,,,,,,,,,,,,,,57.28,,,,6944.82,,,,,,-0.5644,,,,,415.0,10.0,240.9638554216868,235.3598804041235,294.8377058101033,124325.0,36662.0,-5.6013419889804155,-205356.4,11.541910315704806,1434948.0,-2.3159571350084325,,,,,,,,,,,,,,,,,,,,,,,,,,,,,,,,,,,,,,,,,,,,,,,,,,,,,,,,,,,,,,,,,,,,,,,,,,,,,,,,,,,,,,,,,,,,,,,,,,,,,,,,,,,,,,,,,
2026-01-07,,56.01,56.01,56.01,56.01,56.01,-1.6850974196945812,,,,,,,,,,,0.0,0.0,0.0,0.0,1.0,2.0,32.98,15.38,,119.8719,,45.13,,,,,,,,419056.0,419056.0,22840.0,,,,,,,,,,,,,,,,,,,,,,,,,,,,,,,,,,,,56.85,,,,6920.93,,,,,,-0.5644,,,,,478.0,10.0,209.2050209205021,224.0375207554041,287.3881295843764,130139.0,36975.0,-5.640032454361054,-208540.19999999998,12.115753156240634,1576732.0,-2.09305599685699,,,,,,,,,,,,,,,,,,,,,,,,,,,,,,,,,,,,,,,,,,,,,,,,,,,,,,,,,,,,,,,,,,,,,,,,,,,,,,,,,,,,,,,,,,,,,,,,,,,,,,,,,,,,,,,,,
2026-01-08,,57.74,57.74,57.74,57.74,57.74,3.088734154615258,,,,,,57.205999999999996,,,,,0.0,0.0,0.0,0.0,1.0,3.0,35.8,15.45,,120.0904,,46.55,,,,,,,,419056.0,419056.0,22840.0,,,,,,,,,,,,,,,,,,,,,,,,,,,,,,,,,,,,56.87,,,,6921.46,,,,,,-0.5644,,,,,488.0,7.0,143.4426229508197,232.7876410595329,277.517535697389,127488.0,37769.0,-5.667007334057031,-214037.2,11.639009161646586,1483834.0,-2.314187269697976,,,,,,,,,,,,,,,,,,,,,,,,,,,,,,,,,,,,,,,,,,,,,,,,,,,,,,,,,,,,,,,,,,,,,,,,,,,,,,,,,,,,,,,,,,,,,,,,,,,,,,,,,,,,,,,,,
2026-01-09,,58.96,58.96,58.96,58.96,58.96,2.112919986144779,3.0589057857018043,,,,,57.556,,,,,0.0,0.0,0.0,0.0,1.0,4.0,36.8,14.49,,120.2215,,46.67,,,,,,,,422447.0,422447.0,23585.0,,,,,,,,,,,,,,,,,,,,,,,,,,,,,,,,,,,,57.14,,,,6966.28,,,,,,-0.663,,,,,524.0,17.0,324.4274809160306,229.259112326839,278.371625698707,124656.0,37640.0,-5.799933581296493,-218309.5,11.757460531382364,1465638.0,-2.2873784965418102,,,,,,,,,,,,,,,,,,,,,,,,,,,,,,,,,,,,,,,,,,,,,,,,,,,,,,,,,,,,,,,,,,,,,,,,,,,,,,,,,,,,,,,,,,,,,,,,,,,,,,,,,,,,,,,,,
2026-01-10,,,,,,,,,,,,,,,,,,,,,,,,,,,120.2215,,,,,,,,,,422447.0,422447.0,23585.0,,,,,,,,,,,,,,,,,,,,,,,,,,,,,,,,,,,,,,,,6966.28,,,,,,-0.663,,,,,386.0,17.0,440.4145077720207,262.1454405499548,278.5593556679192,80503.0,24206.0,-5.8820664298107905,-142381.3,10.901494354247667,877603.0,-2.3923864246447266,,,,,,,,,,,,,,,,,,,,,,,,,,,,,,,,,,,,,,,,,,,,,,,,,,,,,,,,,,,,,,,,,,,,,,,,,,,,,,,,,,,,,,,,,,,,,,,,,,,,,,,,,,,,,,,,,
2026-01-11,,,,,,,,,,,,,,,,,,,,,,,,,,,120.2215,,,,,,,,,,422447.0,422447.0,23585.0,,,,,,,,,,,,,,,,,,,,,,,,,,,,,,,,,,,,,,,,6966.28,,,,,,-0.663,,,,,607.0,19.0,313.0148270181219,284.6525157508266,274.5449172201887,65638.0,20507.0,-5.8683425171892525,-120342.1,11.859410707212286,778428.0,-2.5923646240389613,,,,,,,,,,,,,,,,,,,,,,,,,,,,,,,,,,,,,,,,,,,,,,,,,,,,,,,,,,,,,,,,,,,,,,,,,,,,,,,,,,,,,,,,,,,,,,,,,,,,,,,,,,,,,,,,,
2026-01-12,,59.39,59.39,59.39,59.39,59.39,0.7293080054274093,2.2203098106712504,,,,,57.814,,,,,0.0,0.0,0.0,0.0,1.0,0.0,38.85,15.12,,119.9958,,46.34,,,,,,,,422447.0,422447.0,23585.0,,,,,,,,,,,,,,,,,,,,,,,,,,,,,,,,,,,,57.94,,,,6977.27,,,,,,-0.663,,,,,400.0,12.0,300.0,283.3270371057603,276.9113294339292,111025.0,32203.0,-5.7281433406825455,-184463.40000000002,10.354631839675749,1149623.0,-2.1098355440864127,,,,,,,,,,,,,,,,,,,,,,,,,,,,,,,,,,,,,,,,,,,,,,,,,,,,,,,,,,,,,,,,,,,,,,,,,,,,,,,,,,,,,,,,,,,,,,,,,,,,,,,,,,,,,,,,,
2026-01-13,,60.85,60.85,60.85,60.85,60.85,2.4583263175618875,6.810602071265581,,,,,58.589999999999996,,,,,0.0,0.0,0.0,0.0,1.0,1.0,40.43,15.98,,120.1401,,47.0,,,,,,,,422447.0,422447.0,23585.0,,,,,,,,,,,,,,,,,,,,,,,,,,,,,,,,,,,,57.51,,,,6963.74,,,,,,-0.663,,,,,500.0,26.0,520.0,323.2720920508153,289.767050826964,128134.0,37402.0,-5.654478370140634,-211488.8,11.394914698674825,1460076.0,-2.2672348218936227,,,,,,,,,,,,,,,,,,,,,,,,,,,,,,,,,,,,,,,,,,,,,,,,,,,,,,,,,,,,,,,,,,,,,,,,,,,,,,,,,,,,,,,,,,,,,,,,,,,,,,,,,,,,,,,,,
2026-01-14,,61.84,61.84,61.84,61.84,61.84,1.626951520131481,10.40885556150688,,,,,59.75600000000001,,,,,0.0,0.0,0.0,0.0,1.0,2.0,44.19,16.75,,119.9537,,48.06,,,,,,,,422447.0,422447.0,23585.0,,,,,,,,,,,,,,,,,,,,,,,,,,,,,,,,,,,,57.75,,,,6926.6,,,,,,-0.663,,,,,508.0,20.0,393.7007874015748,349.6910235048428,296.5670138397174,133695.0,37415.0,-5.602568488574101,-209620.09999999998,11.501507161823554,1537694.0,-2.215626378873207,,,,,,,,,,,,,,,,,,,,,,,,,,,,,,,,,,,,,,,,,,,,,,,,,,,,,,,,,,,,,,,,,,,,,,,,,,,,,,,,,,,,,,,,,,,,,,,,,,,,,,,,,,,,,,,,,
2026-01-15,,59.13,59.13,59.13,59.13,59.13,-4.3822768434670145,2.4073432629026614,,,,,60.034000000000006,,,,,0.0,0.0,0.0,0.0,1.0,3.0,42.06,15.84,,119.9951,,47.61,,,,,,,,422447.0,422447.0,23585.0,,,,,,,,,,,,,,,,,,,,,,,,,,,,,,,,,,,,58.09,,,,6944.47,,,,,,-0.663,,,,,515.0,19.0,368.9320388349515,379.3075773932414,302.3430093371144,135604.0,37948.0,-5.558436355009621,-210870.4,12.697309813869797,1721806.0,-2.0535599524504553,,,,,,,,,,,,,,,,,,,,,,,,,,,,,,,,,,,,,,,,,,,,,,,,,,,,,,,,,,,,,,,,,,,,,,,,,,,,,,,,,,,,,,,,,,,,,,,,,,,,,,,,,,,,,,,,,
2026-01-16,,59.4,59.4,59.4,59.4,59.4,0.45662100456620447,0.746268656716409,,,,,60.122,,,,,0.0,0.0,0.0,0.0,1.0,4.0,43.19,15.86,,120.0838,,47.69,,,,,,,,426049.0,426049.0,25063.0,,,,,,,,,,,,,,,,,,,,,,,,,,,,,,,,,,,,57.87,,,,6940.01,,,,,,-0.6505,,,,,504.0,23.0,456.3492063492063,398.5915985001088,297.3328622036796,124941.0,33921.0,-5.614359836089738,-190444.7,11.839908436782162,1479290.0,-1.8868497806423168,,,,,,,,,,,,,,,,,,,,,,,,,,,,,,,,,,,,,,,,,,,,,,,,,,,,,,,,,,,,,,,,,,,,,,,,,,,,,,,,,,,,,,,,,,,,,,,,,,,,,,,,,,,,,,,,,
2026-01-17,,,,,,,,,,,,,,,,,,,,,,,,,,,120.0838,,,,,,,,,,426049.0,426049.0,25063.0,,,,,,,,,,,,,,,,,,,,,,,,,,,,,,,,,,,,,,,,6940.01,,,,,,-0.6505,,,,,392.0,15.0,382.6530612244898,390.6642744040492,304.4262515764138,83893.0,23206.0,-5.614543652503662,-130291.09999999999,11.924177225751851,1000355.0,-2.003976719773674,,,,,,,,,,,,,,,,,,,,,,,,,,,,,,,,,,,,,,,,,,,,,,,,,,,,,,,,,,,,,,,,,,,,,,,,,,,,,,,,,,,,,,,,,,,,,,,,,,,,,,,,,,,,,,,,,
2026-01-18,,,,,,,,,,,,,,,,,,,,,,,,,,,120.0838,,,,,,,,,,426049.0,426049.0,25063.0,,,,,,,,,,,,,,,,,,,,,,,,,,,,,,,,,,,,,,,,6940.01,,,,,,-0.6505,,,,,677.0,28.0,413.589364844904,405.0320655221608,303.2871906035822,71522.0,20306.0,-5.719329262287009,-116136.70000000001,10.855806604960712,776429.0,-2.1183624791279496,,,,,,,,,,,,,,,,,,,,,,,,,,,,,,,,,,,,,,,,,,,,,,,,,,,,,,,,,,,,,,,,,,,,,,,,,,,,,,,,,,,,,,,,,,,,,,,,,,,,,,,,,,,,,,,,,
2026-01-19,,,,,,,,,,,,,,,,,,,,,,,,,18.84,,,,,,,,,,,,426049.0,426049.0,25063.0,,,,,,,,,,,,,,,,,,,,,,,,,,,,,,,,,,,,,,,,,,,,,,-0.6505,,,,,308.0,16.0,519.4805194805194,436.3864254479494,316.2742035905952,107527.0,28421.0,-5.573421061890856,-158402.2,10.778204543975002,1158948.0,-1.6667695553792674,,,,,,,,,,,,,,,,,,,,,,,,,,,,,,,,,,,,,,,,,,,,,,,,,,,,,,,,,,,,,,,,,,,,,,,,,,,,,,,,,,,,,,,,,,,,,,,,,,,,,,,,,,,,,,,,,
2026-01-20,,60.3,60.3,60.3,60.3,60.3,1.5151515151515138,1.5322444856036288,,,,,60.303999999999995,,,,,0.0,0.0,0.0,0.0,1.0,1.0,42.78,20.09,,119.4455,,47.6,,,,,,,,426049.0,426049.0,25063.0,,,,,,,,,,,,,,,,,,,,,,,,,,,,,,,,,,,,57.31,,,,6796.86,,,,,,-0.6505,,,,,438.0,38.0,867.5799086757991,486.0406981159207,340.6890293752841,129995.0,34338.0,-5.492375793581456,-188597.2,11.56620639255356,1503549.0,-1.7049632418781913,,,,,,,,,,,,,,,,,,,,,,,,,,,,,,,,,,,,,,,,,,,,,,,,,,,,,,,,,,,,,,,,,,,,,,,,,,,,,,,,,,,,,,,,,,,,,,,,,,,,,,,,,,,,,,,,,
2026-01-21,,60.38,60.38,60.38,60.38,60.38,0.1326699834162559,-0.7723911257189742,,,,,60.21,,,,,0.0,0.0,0.0,0.0,1.0,2.0,45.45,16.9,,119.3431,,48.75,,,,,,,,426049.0,426049.0,25063.0,,,,,,,,,,,,,,,,,,,,,,,,,,,,,,,,,,,,58.26,,,,6875.62,,,,,,-0.6505,,,,,500.0,35.0,700.0,529.7977284871243,349.9872749893191,137028.0,36365.0,-5.490303863605115,-199654.90000000002,12.244154479376478,1677792.0,-1.6961877267713195,,,,,,,,,,,,,,,,,,,,,,,,,,,,,,,,,,,,,,,,,,,,,,,,,,,,,,,,,,,,,,,,,,,,,,,,,,,,,,,,,,,,,,,,,,,,,,,,,,,,,,,,,,,,,,,,,
2026-01-22,,59.24,59.24,59.24,59.24,59.24,-1.8880423981450845,-4.204398447606728,,,,,59.69000000000001,,,,,0.0,0.0,0.0,0.0,1.0,3.0,44.7,15.64,,119.1962,,48.91,,,,,,,,426049.0,426049.0,25063.0,,,,,,,,,,,,,,,,,,,,,,,,,,,,,,,,,,,,58.7,,,,6913.35,,,,,,-0.6505,,,,,463.0,31.0,669.5464362850972,572.7426424085737,361.9634052043912,136886.0,35465.0,-5.449262653320176,-193258.10000000003,11.651973174758558,1594992.0,-1.7000717542673438,,,,,,,,,,,,,,,,,,,,,,,,,,,,,,,,,,,,,,,,,,,,,,,,,,,,,,,,,,,,,,,,,,,,,,,,,,,,,,,,,,,,,,,,,,,,,,,,,,,,,,,,,,,,,,,,,
2026-01-23,,60.7,60.7,60.7,60.7,60.7,2.464550979068192,2.655166582107227,,,,,60.004,,,,,0.0,0.0,0.0,0.0,1.0,4.0,47.64,16.09,,118.8976,,49.19,,,,,,,,423754.0,423754.0,24785.0,,,,,,,,,,,,,,,,,,,,,,,,,,,,,,,,,,,,59.07,,,,6915.61,,,,,,-0.712,,,,,525.0,34.0,647.6190476190476,600.0669054471225,374.2266974676834,128390.0,33889.0,-5.495420342884121,-186234.3,10.97027027027027,1408473.0,-1.8516264575179802,,,,,,,,,,,,,,,,,,,,,,,,,,,,,,,,,,,,,,,,,,,,,,,,,,,,,,,,,,,,,,,,,,,,,,,,,,,,,,,,,,,,,,,,,,,,,,,,,,,,,,,,,,,,,,,,,
2026-01-24,,,,,,,,,,,,,,,,,,,,,,,,,,,118.8976,,,,,,,,,,423754.0,423754.0,24785.0,,,,,,,,,,,,,,,,,,,,,,,,,,,,,,,,,,,,,,,,6915.61,,,,,,-0.712,,,,,374.0,21.0,561.4973262032086,625.6160861583679,385.0303175399368,81326.0,23106.0,-5.6637929542110275,-130867.6,12.385780685143743,1007286.0,-2.2131426491264827,,,,,,,,,,,,,,,,,,,,,,,,,,,,,,,,,,,,,,,,,,,,,,,,,,,,,,,,,,,,,,,,,,,,,,,,,,,,,,,,,,,,,,,,,,,,,,,,,,,,,,,,,,,,,,,,,
2026-01-25,,,,,,,,,,,,,,,,,,,,,,,,,,,118.8976,,,,,,,,,,423754.0,423754.0,24785.0,,,,,,,,,,,,,,,,,,,,,,,,,,,,,,,,,,,,,,,,6915.61,,,,,,-0.712,,,,,554.0,17.0,306.8592057761733,610.3689205771208,385.5737277082628,65639.0,19022.0,-5.836249408548446,-111011.3,11.857630372187266,778323.0,-2.1738381998780505,,,,,,,,,,,,,,,,,,,,,,,,,,,,,,,,,,,,,,,,,,,,,,,,,,,,,,,,,,,,,,,,,,,,,,,,,,,,,,,,,,,,,,,,,,,,,,,,,,,,,,,,,,,,,,,,,
2026-01-26,,60.46,60.46,60.46,60.46,60.46,-0.39538714991763646,1.7845117845117775,,,,,60.21600000000001,,,,,0.0,0.0,0.0,0.0,1.0,0.0,47.78,16.15,,118.0525,,49.22,,,,,,,,423754.0,423754.0,24785.0,,,,,,,,,,,,,,,,,,,,,,,,,,,,,,,,,,,,59.17,,,,6950.23,,,,,,-0.712,,,,,422.0,17.0,402.8436018957346,593.7065037792944,389.7710785406847,105498.0,28946.0,-5.828221515926208,-168703.7,12.072693321200402,1273645.0,-1.9085445732143351,,,,,,,,,,,,,,,,,,,,,,,,,,,,,,,,,,,,,,,,,,,,,,,,,,,,,,,,,,,,,,,,,,,,,,,,,,,,,,,,,,,,,,,,,,,,,,,,,,,,,,,,,,,,,,,,,
2026-01-27,,62.04,62.04,62.04,62.04,62.04,2.6132980482963974,2.885572139303494,,,,,60.564,,,,,0.0,0.0,0.0,0.0,1.0,1.0,49.61,16.35,,117.4523,,49.67,,,,,,,,423754.0,423754.0,24785.0,,,,,,,,,,,,,,,,,,,,,,,,,,,,,,,,,,,,60.34,,,,6978.6,,,,,,-0.712,,,,,459.0,22.0,479.3028322440087,538.2383500033243,395.3528292204746,124580.0,33762.0,-5.723322078075943,-193230.8,12.381642318189115,1542505.0,-1.8713601058686333,,,,,,,,,,,,,,,,,,,,,,,,,,,,,,,,,,,,,,,,,,,,,,,,,,,,,,,,,,,,,,,,,,,,,,,,,,,,,,,,,,,,,,,,,,,,,,,,,,,,,,,,,,,,,,,,,
2026-01-28,,62.75,62.75,62.75,62.75,62.75,1.1444229529335992,3.925140775091096,,,,,61.038,,,,,0.0,0.0,0.0,0.0,1.0,2.0,50.39,16.35,,117.5117,,50.05,,,,,,,,423754.0,423754.0,24785.0,,,,,,,,,,,,,,,,,,,,,,,,,,,,,,,,,,,,60.75,,,,6978.03,,,,,,-0.712,,,,,504.0,17.0,337.3015873015873,486.4242910464081,395.068837942247,125899.0,34047.0,-5.631095250682879,-191721.9,11.788806900769664,1484199.0,-2.0217011153366964,,,,,,,,,,,,,,,,,,,,,,,,,,,,,,,,,,,,,,,,,,,,,,,,,,,,,,,,,,,,,,,,,,,,,,,,,,,,,,,,,,,,,,,,,,,,,,,,,,,,,,,,,,,,,,,,,
2026-01-29,,64.77,64.77,64.77,64.77,64.77,3.2191235059760848,9.334908845374734,,,,,62.144000000000005,,,,,0.0,0.0,0.0,0.0,1.0,3.0,55.37,16.88,,117.4396,,50.51,,,,,,,,423754.0,423754.0,24785.0,,,,,,,,,,,,,,,,,,,,,,,,,,,,,,,,,,,,60.44,,,,6969.01,,,,,,-0.712,,,,,466.0,22.0,472.1030042918455,458.2180864759436,396.1630552257047,130029.0,34733.0,-5.643241297901132,-196006.7,11.722508055895224,1524266.0,-2.0350346525108454,,,,,,,,,,,,,,,,,,,,,,,,,,,,,,,,,,,,,,,,,,,,,,,,,,,,,,,,,,,,,,,,,,,,,,,,,,,,,,,,,,,,,,,,,,,,,,,,,,,,,,,,,,,,,,,,,
2026-01-30,,64.5,64.5,64.5,64.5,64.5,-0.41685965724872487,6.260296540362442,,,,,62.903999999999996,60.037,,64.77,56.01,0.0,0.0,0.0,0.0,1.0,4.0,55.91,17.44,,117.8996,,51.05,,,,,,,,420299.0,420299.0,24042.0,,,,,,,,,,,,,,,,,,,,,,,,,,,,,,,,,,,,59.1,,,,6939.03,,,,,,-0.678,,,,,524.0,18.0,343.5114503816794,414.7741440134624,397.9980522897094,123059.0,34526.0,-5.618203672594567,-193974.1,11.982674977043532,1474576.0,-2.0633669839368216,,,,,,,,,,,,,,,,,,,,,,,,,,,,,,,,,,,,,,,,,,,,,,,,,,,,,,,,,,,,,,,,,,,,,,,,,,,,,,,,,,,,,,,,,,,,,,,,,,,,,,,,,,,,,,,,,
2026-01-31,,,,,,,,,,,,,,,,,,,,,,,,,,,117.8996,,,,,,,,,,420299.0,420299.0,24042.0,,,,,,,,,,,,,,,,,,,,,,,,,,,,,,,,,,,,,,,,6939.03,,,,,,-0.678,,,,,396.0,33.0,833.3333333333334,453.607859317766,423.0804122777298,79636.0,22643.0,-5.764390760941572,-130523.1,13.21666080667035,1052522.0,-2.2128900242233653,,,,,,,,,,,,,,,,,,,,,,,,,,,,,,,,,,,,,,,,,,,,,,,,,,,,,,,,,,,,,,,,,,,,,,,,,,,,,,,,,,,,,,,,,,,,,,,,,,,,,,,,,,,,,,,,,
2026-02-01,,,,,,,,,,,,,,,,,,,,,,,,,,,117.8996,,,,,,,,,,420299.0,420299.0,24042.0,,,,,,,,,,,,,,,,,,,,,,,,,,,,,,,,,,,,,,,,6939.03,,,1.74809329,,,-0.678,22667.3,102.551,4.4,56.6,578.0,22.0,380.6228373702422,464.1455209740616,424.1880221586403,66769.0,18301.0,-5.735140156275612,-104958.79999999999,12.404888496158398,828262.0,-2.0431745323816157,,,,,,,,,,,,,,,,,,,,,,,,,,,,,,,,,,,,,,,,,,,,,,,,,,,,,,,,,,,,,,,,,,,,,,,,,,,,,,,,,,,,,,,,,,,,,,,,,,,,,,,,,,,,,,,,,
2026-02-02,,61.6,61.6,61.6,61.6,61.6,-4.496124031007753,1.8855441614290536,7.673483656703373,,36.33723439251671,,63.132000000000005,60.256499999999996,,64.77,56.01,0.0,0.0,0.0,0.0,2.0,0.0,48.7,16.34,,118.3609,,50.05,,,,,,,,420299.0,420299.0,24042.0,,,,,,,,,,,,,,,,,,,,,,,,,,,,,,,,,,,,59.28,,,,6976.44,,,1.74809329,,,-0.678,,,,,430.0,18.0,418.6046511627907,466.3970994407838,431.1554825866215,106742.0,28098.0,-5.667367784183927,-159241.69999999998,11.419188323246708,1218907.0,-1.827105449522175,,,,,,,,,,,,,,,,,,,,,,,,,,,,,,,,,,,,,,,,,,,,,,,,,,,,,,,,,,,,,,,,,,,,,,,,,,,,,,,,,,,,,,,,,,,,,,,,,,,,,,,,,,,,,,,,,
2026-02-03,,62.62,62.62,62.62,62.62,62.62,1.655844155844144,0.9348807221147615,7.779690189328736,,36.38136843809667,,63.248000000000005,60.4825,,64.77,56.01,0.0,0.0,0.0,0.0,2.0,1.0,52.34,18.0,,117.9764,,51.67,,,,,,,,420299.0,420299.0,24042.0,,,,,,,,,,,,,,,,,,,,,,,,,,,,,,,,,,,,59.6,,,,6917.81,,,1.74809329,,,-0.678,,,,,493.0,14.0,283.9756592292089,438.4932175815267,435.0657823387063,126298.0,32830.0,-5.667758148035333,-186072.5,11.236116169693899,1419099.0,-1.8314179208678125,,,,,,,,,,,,,,,,,,,,,,,,,,,,,,,,,,,,,,,,,,,,,,,,,,,,,,,,,,,,,,,,,,,,,,,,,,,,,,,,,,,,,,,,,,,,,,,,,,,,,,,,,,,,,,,,,
2026-02-04,,64.56,64.56,64.56,64.56,64.56,3.0980517406579366,2.884462151394418,13.322801474460256,,36.47323004915094,,63.60999999999999,60.862,,64.77,56.01,0.0,0.0,0.0,0.0,2.0,2.0,55.13,18.64,,118.2602,,52.83,,,,,,,,420299.0,420299.0,24042.0,,,,,,,,,,,,,,,,,,,,,,,,,,,,,,,,,,,,58.8,,,,6882.72,,,1.74809329,,,-0.678,,,,,503.0,13.0,258.4493041749503,427.2286057062929,433.3714807940225,129888.0,33605.0,-5.684674899568517,-191033.5,11.489036708548904,1492288.0,-1.8265165359232365,,,,,,,,,,,,,,,,,,,,,,,,,,,,,,,,,,,,,,,,,,,,,,,,,,,,,,,,,,,,,,,,,,,,,,,,,,,,,,,,,,,,,,,,,,,,,,,,,,,,,,,,,,,,,,,,,
2026-02-05,,62.9,62.9,62.9,62.9,62.9,-2.571251548946718,-2.887139107611547,12.301374754508121,,37.35159944429325,,63.236000000000004,61.206500000000005,,64.77,57.74,0.0,0.0,0.0,0.0,2.0,3.0,54.97,21.77,,118.5034,,52.21,,,,,,,,420299.0,420299.0,24042.0,,,,,,,,,,,,,,,,,,,,,,,,,,,,,,,,,,,,58.53,,,,6798.4,,,1.74809329,,,-0.678,,,,,454.0,13.0,286.3436123348018,400.6915497124295,434.9034473590287,129241.0,33395.0,-5.579440035933524,-186325.40000000002,11.117191912783095,1436797.0,-1.8771886625563614,,,,,,,,,,,,,,,,,,,,,,,,,,,,,,,,,,,,,,,,,,,,,,,,,,,,,,,,,,,,,,,,,,,,,,,,,,,,,,,,,,,,,,,,,,,,,,,,,,,,,,,,,,,,,,,,,
2026-02-06,,63.77,63.77,63.77,63.77,63.77,1.3831478537360997,-1.131782945736426,10.44336681676481,,36.3259367153966,,63.089999999999996,61.508,,64.77,58.96,0.0,0.0,0.0,0.0,2.0,4.0,53.18,17.76,,118.2407,,53.25,,,,,,,,428829.0,428829.0,25113.0,,,,,,,,,,,,,,,,,,,,,,,,,,,,,,,,,,,,60.07,,,,6932.3,,,1.74809329,,,-0.6557,,,,,493.0,11.0,223.1237322515213,383.4933042652641,435.3819628599667,119940.0,32084.0,-5.621748075184688,-180351.3,12.31842587960647,1477472.0,-2.023126659120337,,,,,,,,,,,,,,,,,,,,,,,,,,,,,,,,,,,,,,,,,,,,,,,,,,,,,,,,,,,,,,,,,,,,,,,,,,,,,,,,,,,,,,,,,,,,,,,,,,,,,,,,,,,,,,,,,
2026-02-07,,,,,,,,,,,,,,,,,,,,,,,,,,,118.2407,,,,,,,,,,428829.0,428829.0,25113.0,,,,,,,,,,,,,,,,,,,,,,,,,,,,,,,,,,,,,,,,6932.3,,,1.74809329,,,-0.6557,,,,,364.0,15.0,412.0879120879121,323.3153869444896,443.7310212090251,76180.0,19989.0,-5.703321827004853,-114003.7,10.962286689419795,835107.0,-2.0601409807999462,,,,,,,,,,,,,,,,,,,,,,,,,,,,,,,,,,,,,,,,,,,,,,,,,,,,,,,,,,,,,,,,,,,,,,,,,,,,,,,,,,,,,,,,,,,,,,,,,,,,,,,,,,,,,,,,,
2026-02-08,,,,,,,,,,,,,,,,,,,,,,,,,,,118.2407,,,,,,,,,,428829.0,428829.0,25113.0,,,,,,,,,,,,,,,,,,,,,,,,,,,,,,,,,,,,,,,,6932.3,,,1.74809329,,,-0.6557,,,,,547.0,12.0,219.3784277879342,300.2804712898742,440.3316001819184,62291.0,15999.0,-5.677367335458467,-90832.20000000001,11.686423399849096,727959.0,-1.8912868328557095,,,,,,,,,,,,,,,,,,,,,,,,,,,,,,,,,,,,,,,,,,,,,,,,,,,,,,,,,,,,,,,,,,,,,,,,,,,,,,,,,,,,,,,,,,,,,,,,,,,,,,,,,,,,,,,,,
2026-02-09,,64.53,64.53,64.53,64.53,64.53,1.191782970048605,4.756493506493498,9.447082767978298,,35.93628451214694,,63.676,61.786500000000004,,64.77,59.13,0.0,0.0,0.0,0.0,2.0,0.0,50.79,17.36,,117.6392,,53.64,,,,,,,,428829.0,428829.0,25113.0,,,,,,,,,,,,,,,,,,,,,,,,,,,,,,,,,,,,60.51,,,,6964.82,,,1.74809329,,,-0.6557,,,,,284.0,16.0,563.3802816901408,320.9627042223528,444.5061319083595,108807.0,28364.0,-5.537907206317868,-157077.2,11.292453610521381,1228698.0,-1.8575450519465342,,,,,,,,,,,,,,,,,,,,,,,,,,,,,,,,,,,,,,,,,,,,,,,,,,,,,,,,,,,,,,,,,,,,,,,,,,,,,,,,,,,,,,,,,,,,,,,,,,,,,,,,,,,,,,,,,
2026-02-10,,64.2,64.2,64.2,64.2,64.2,-0.5113900511390046,2.5231555413606,8.099006566762078,,36.0902651711374,,63.992000000000004,62.027,,64.77,59.13,0.0,0.0,0.0,0.0,2.0,1.0,48.02,17.79,,117.5216,,53.58,,,,,,,,428829.0,428829.0,25113.0,,,,,,,,,,,,,,,,,,,,,,,,,,,,,,,,,,,,60.6,,,,6941.81,,,1.74809329,,,-0.6557,,,,,,,,,,123689.0,32235.0,-5.483424848766869,-176758.2,11.15396680383866,1379623.0,-1.849400711666828,,,,,,,,,,,,,,,,,,,,,,,,,,,,,,,,,,,,,,,,,,,,,,,,,,,,,,,,,,,,,,,,,,,,,,,,,,,,,,,,,,,,,,,,,,,,,,,,,,,,,,,,,,,,,,,,,
2026-02-11,,64.8,64.8,64.8,64.8,64.8,0.9345794392523255,0.3717472118959009,6.491372226787173,,35.34358732399175,,64.03999999999999,62.2245,,64.8,59.13,1.0,0.0,0.0,0.0,2.0,2.0,44.33,17.65,,117.4601,,54.98,,,,,,,,428829.0,428829.0,25113.0,,,,,,,,,,,,,,,,,,,,,,,,,,,,,,,,,,,,61.56,,,,6941.47,,,1.74809329,,,-0.6557,,,,,,,,,,133684.0,35149.0,-5.586628353580473,-196364.40000000002,10.953524729960204,1464311.0,-2.027624233902163,,,,,,,,,,,,,,,,,,,,,,,,,,,,,,,,,,,,,,,,,,,,,,,,,,,,,,,,,,,,,,,,,,,,,,,,,,,,,,,,,,,,,,,,,,,,,,,,,,,,,,,,,,,,,,,,,
2026-02-12,,63.08,63.08,63.08,63.08,63.08,-2.654320987654324,0.2861685214626375,2.0051746442431906,,36.52151569779997,,64.076,62.286500000000004,,64.8,59.13,0.0,0.0,0.0,0.0,2.0,3.0,42.0,20.82,,117.5376,,53.98,,,,,,,,428829.0,428829.0,25113.0,,,,,,,,,,,,,,,,,,,,,,,,,,,,,,,,,,,,60.86,,,,6832.76,,,1.74809329,,,-0.6557,,,,,,,,,,129642.0,34307.0,-5.568000699565687,-191021.40000000002,11.302186019962667,1465238.0,-1.8136404360430662,,,,,,,,,,,,,,,,,,,,,,,,,,,,,,,,,,,,,,,,,,,,,,,,,,,,,,,,,,,,,,,,,,,,,,,,,,,,,,,,,,,,,,,,,,,,,,,,,,,,,,,,,,,,,,,,,
2026-02-13,,63.05,63.05,63.05,63.05,63.05,-0.047558655675339345,-1.1290575505723766,6.629460510739049,,32.43985227951877,,63.931999999999995,62.482499999999995,,64.8,59.24,0.0,0.0,0.0,0.0,2.0,4.0,42.18,20.6,,117.5258,,54.35,,,,,,,,419815.0,419815.0,24018.0,,,,,,,,,,,,,,,,,,,,,,,,,,,,,,,,,,,,61.12,,,,6836.17,,,1.74809329,,,-0.62,,,,,,,,,,122708.0,31819.0,-5.590081397906911,-177870.8,11.738761938911889,1440440.0,-1.794196552557761,,,,,,,,,,,,,,,,,,,,,,,,,,,,,,,,,,,,,,,,,,,,,,,,,,,,,,,,,,,,,,,,,,,,,,,,,,,,,,,,,,,,,,,,,,,,,,,,,,,,,,,,,,,,,,,,,
2026-02-14,,,,,,,,,,,,,,,,,,,,,,,,,,,117.5258,,,,,,,,,,419815.0,419815.0,24018.0,,,,,,,,,,,,,,,,,,,,,,,,,,,,,,,,,,,,,,,,6836.17,,,1.74809329,,,-0.62,,,,,,,,,,81731.0,21212.0,-5.709490358776106,-121104.0,11.70426154090859,956601.0,-1.8597058401382978,,,,,,,,,,,,,,,,,,,,,,,,,,,,,,,,,,,,,,,,,,,,,,,,,,,,,,,,,,,,,,,,,,,,,,,,,,,,,,,,,,,,,,,,,,,,,,,,,,,,,,,,,,,,,,,,,
2026-02-15,,,,,,,,,,,,,,,,,,,,,,,,,,,117.5258,,,,,,,,,,419815.0,419815.0,24018.0,,,,,,,,,,,,,,,,,,,,,,,,,,,,,,,,,,,,,,,,6836.17,,,1.74809329,,,-0.62,,,,,,,,,,66753.0,16951.0,-5.77381865376674,-97872.0,10.754078468383444,717867.0,-1.6634646511849804,,,,,,,,,,,,,,,,,,,,,,,,,,,,,,,,,,,,,,,,,,,,,,,,,,,,,,,,,,,,,,,,,,,,,,,,,,,,,,,,,,,,,,,,,,,,,,,,,,,,,,,,,,,,,,,,,
2026-02-16,,,,,,,,,,,,,,,,,,,,,,,,,21.2,,,,,,,,,,,,419815.0,419815.0,24018.0,,,,,,,,,,,,,,,,,,,,,,,,,,,,,,,,,,,,,,,,,,,1.74809329,,,-0.62,,,,,,,,,,103855.0,25732.0,-5.703392662832272,-146759.7,10.027702084637234,1041427.0,-1.5392195147571728,,,,,,,,,,,,,,,,,,,,,,,,,,,,,,,,,,,,,,,,,,,,,,,,,,,,,,,,,,,,,,,,,,,,,,,,,,,,,,,,,,,,,,,,,,,,,,,,,,,,,,,,,,,,,,,,,
2026-02-17,,62.53,62.53,62.53,62.53,62.53,-0.8247422680412342,-3.0993336432666996,5.269360269360268,,32.69733987714304,,63.532000000000004,62.63900000000001,,64.8,59.24,0.0,0.0,0.0,0.0,2.0,1.0,42.54,20.29,,117.7375,,53.75,,,,,,,,419815.0,419815.0,24018.0,,,,,,,,,,,,,,,,,,,,,,,,,,,,,,,,,,,,60.87,,,,6843.22,,,1.74809329,,,-0.62,,,,,,,,,,119704.0,29745.0,-5.674896621280888,-168799.8,10.97439517476442,1313679.0,-1.5344352843253743,,,,,,,,,,,,,,,,,,,,,,,,,,,,,,,,,,,,,,,,,,,,,,,,,,,,,,,,,,,,,,,,,,,,,,,,,,,,,,,,,,,,,,,,,,,,,,,,,,,,,,,,,,,,,,,,,
2026-02-18,,65.33,65.33,65.33,65.33,65.33,4.477850631696789,1.7601246105918955,8.341625207296843,,35.73502515294255,,63.757999999999996,62.890499999999996,,65.33,59.24,1.0,0.0,0.0,0.0,2.0,2.0,51.49,19.62,,117.8426,,54.78,,,,,,,,419815.0,419815.0,24018.0,,,,,,,,,,,,,,,,,,,,,,,,,,,,,,,,,,,,61.19,,,,6881.31,,,1.74809329,,,-0.62,,,,,,,,,,128728.0,31716.0,-5.553660612939842,-176139.90000000002,10.535283698962152,1356186.0,-1.6087450213167398,,,,,,,,,,,,,,,,,,,,,,,,,,,,,,,,,,,,,,,,,,,,,,,,,,,,,,,,,,,,,,,,,,,,,,,,,,,,,,,,,,,,,,,,,,,,,,,,,,,,,,,,,,,,,,,,,
2026-02-19,,66.66,66.66,66.66,66.66,66.66,2.0358181539874565,2.8703703703703676,10.40079496522026,,36.16416306053068,,64.13,63.20450000000001,,66.66,59.24,1.0,0.0,0.0,0.0,2.0,3.0,56.73,20.23,,118.2354,,55.18,,,,,,,,419815.0,419815.0,24018.0,,,,,,,,,,,,,,,,,,,,,,,,,,,,,,,,,,,,61.04,,,,6861.89,,,1.74809329,,,-0.62,,,,,,,,,,133910.0,34648.0,-5.583468021242207,-193456.0,11.609498917183183,1554628.0,-1.7499933870217046,,,,,,,,,,,,,,,,,,,,,,,,,,,,,,,,,,,,,,,,,,,,,,,,,,,,,,,,,,,,,,,,,,,,,,,,,,,,,,,,,,,,,,,,,,,,,,,,,,,,,,,,,,,,,,,,,
2026-02-20,,66.69,66.69,66.69,66.69,66.69,0.04500450045004101,5.722891566265065,12.575962187711,,35.09158984867553,,64.852,63.577,,66.69,60.46,1.0,0.0,0.0,0.0,2.0,4.0,56.12,19.09,,117.9917,,54.88,,,,,,,,435804.0,435804.0,24899.0,,,,,,,,,,,,,,,,,,,,,,,,,,,,,,,,,,,,62.34,,,,6909.51,,,1.74809329,,,-0.488,,,,,,,,,,120940.0,31569.0,-5.672821438753208,-179085.30000000002,12.150975690425003,1469539.0,-1.7953701304769023,,,,,,,,,,,,,,,,,,,,,,,,,,,,,,,,,,,,,,,,,,,,,,,,,,,,,,,,,,,,,,,,,,,,,,,,,,,,,,,,,,,,,,,,,,,,,,,,,,,,,,,,,,,,,,,,,
2026-02-21,,,,,,,,,,,,,,,,,,,,,,,,,,,117.9917,,,,,,,,,,435804.0,435804.0,24899.0,,,,,,,,,,,,,,,,,,,,,,,,,,,,,,,,,,,,,,,,6909.51,,,1.74809329,,,-0.488,,,,,,,,,,75420.0,20711.0,-5.786112988894254,-119830.4,11.127989923097322,839273.0,-1.8446375490432403,,,,,,,,,,,,,,,,,,,,,,,,,,,,,,,,,,,,,,,,,,,,,,,,,,,,,,,,,,,,,,,,,,,,,,,,,,,,,,,,,,,,,,,,,,,,,,,,,,,,,,,,,,,,,,,,,
2026-02-22,,,,,,,,,,,,,,,,,,,,,,,,,,,117.9917,,,,,,,,,,435804.0,435804.0,24899.0,,,,,,,,,,,,,,,,,,,,,,,,,,,,,,,,,,,,,,,,6909.51,,,1.74809329,,,-0.488,,,,,,,,,,65302.0,18519.0,-5.801960149036125,-107446.5,10.922774187620593,713279.0,-1.958394583609068,,,,,,,,,,,,,,,,,,,,,,,,,,,,,,,,,,,,,,,,,,,,,,,,,,,,,,,,,,,,,,,,,,,,,,,,,,,,,,,,,,,,,,,,,,,,,,,,,,,,,,,,,,,,,,,,,
2026-02-23,,66.36,66.36,66.36,66.36,66.36,-0.49482681061627787,5.249801744647109,9.324546952224043,,34.59417633361791,,65.514,63.86,,66.69,60.46,0.0,0.0,0.0,0.0,2.0,0.0,59.05,21.01,,117.9395,,55.15,,,,,,,,435804.0,435804.0,24899.0,,,,,,,,,,,,,,,,,,,,,,,,,,,,,,,,,,,,61.65,,,,6837.75,,,1.74809329,,,-0.488,,,,,,,,,,111996.0,31869.0,-5.849003734036211,-186401.90000000002,12.239517482767242,1370777.0,-2.1083262269111693,,,,,,,,,,,,,,,,,,,,,,,,,,,,,,,,,,,,,,,,,,,,,,,,,,,,,,,,,,,,,,,,,,,,,,,,,,,,,,,,,,,,,,,,,,,,,,,,,,,,,,,,,,,,,,,,,
2026-02-24,,65.62,65.62,65.62,65.62,65.62,-1.1151295961422503,4.941628018551092,8.5345683096262,,34.925540119384344,,66.132,64.118,,66.69,61.6,0.0,0.0,0.0,0.0,2.0,1.0,58.82,19.55,,117.9463,,55.1,,,,,,,,435804.0,435804.0,24899.0,,,,,,,,,,,,,,,,,,,,,,,,,,,,,,,,,,,,62.62,,,,6890.07,,,1.74809329,,,-0.488,,,,,,,,,,131378.0,35790.0,-5.753202011735122,-205907.10000000003,11.416964788625188,1499938.0,-2.1270225299424905,,,,,,,,,,,,,,,,,,,,,,,,,,,,,,,,,,,,,,,,,,,,,,,,,,,,,,,,,,,,,,,,,,,,,,,,,,,,,,,,,,,,,,,,,,,,,,,,,,,,,,,,,,,,,,,,,
2026-02-25,,65.3,65.3,65.3,65.3,65.3,-0.4876562023773401,-0.045920710240321405,5.25467440361056,,34.08279638571638,,66.126,64.28099999999999,,66.69,61.6,0.0,0.0,0.0,0.0,2.0,2.0,58.97,17.93,,117.769,,54.87,,,,,,,,435804.0,435804.0,24899.0,,,,,,,,,,,,,,,,,,,,,,,,,,,,,,,,,,,,63.31,,,,6946.13,,,1.74809329,,,-0.488,,,,,,,,,,128403.0,34217.0,-5.721696817371481,-195779.3,11.281519902182971,1448581.0,-1.853366522390146,,,,,,,,,,,,,,,,,,,,,,,,,,,,,,,,,,,,,,,,,,,,,,,,,,,,,,,,,,,,,,,,,,,,,,,,,,,,,,,,,,,,,,,,,,,,,,,,,,,,,,,,,,,,,,,,,
2026-02-26,,65.1,65.1,65.1,65.1,65.1,-0.3062787136294043,-2.3402340234023433,3.745019920318726,,33.982697947593095,,65.814,64.3985,,66.69,61.6,0.0,0.0,0.0,0.0,2.0,3.0,59.8,18.63,,117.9042,,55.05,,,,,,,,435804.0,435804.0,24899.0,,,,,,,,,,,,,,,,,,,,,,,,,,,,,,,,,,,,62.71,,,,6908.86,,,1.74809329,,,-0.488,,,,,,,,,,133978.0,35548.0,-5.646832451896028,-200733.6,12.060375584051112,1615825.0,-1.9487671062703011,,,,,,,,,,,,,,,,,,,,,,,,,,,,,,,,,,,,,,,,,,,,,,,,,,,,,,,,,,,,,,,,,,,,,,,,,,,,,,,,,,,,,,,,,,,,,,,,,,,,,,,,,,,,,,,,,
2026-02-27,,66.96,66.96,66.96,66.96,66.96,2.857142857142847,0.4048582995951344,3.3811949976841005,,33.57886711944488,,65.868,64.50800000000001,,66.96,61.6,1.0,0.0,0.0,0.0,2.0,4.0,64.68,19.86,,117.8223,,55.92,,,,,,,,439279.0,439279.0,26463.0,,,,,,,,,,,,,,,,,,,,,,,,,,,,,,,,,,,,62.58,,,,6878.88,,,1.74809329,,,-0.4432,,,,,,,,,,131143.0,35967.0,-5.638924569744488,-202815.2,12.086615374057327,1585075.0,-2.0541815038698332,,,,,,,,,,,,,,,,,,,,,,,,,,,,,,,,,,,,,,,,,,,,,,,,,,,,,,,,,,,,,,,,,,,,,,,,,,,,,,,,,,,,,,,,,,,,,,,,,,,,,,,,,,,,,,,,,
2026-02-28,,,,,,,,,,,,,,,,,,,,,,,,,,,117.8223,,,,,,,,,,439279.0,439279.0,26463.0,,,,,,,,,,,,,,,,,,,,,,,,,,,,,,,,,,,,,,,,6878.88,,,1.74809329,,,-0.4432,,,,,,,,,,110266.0,36340.0,-6.133203082003303,-222880.60000000003,14.130003808971034,1558059.0,-2.8363716438021886,,,,,,,,,,,,,,,,,,,,,,,,,,,,,,,,,,,,,,,,,,,,,,,,,,,,,,,,,,,,,,,,,,,,,,,,,,,,,,,,,,,,,,,,,,,,,,,,,,,,,,,,,,,,,,,,,
2026-03-01,,,,,,,,,,,,,,,,,,,,,,,,,,,117.8223,,,,,,,,,,439279.0,439279.0,26463.0,,,,,,,,,,,,,,,,,,,,,,,,,,,,,,,,,,,,,,,,6878.88,,,1.61803193,,,-0.4432,,,,,,,,,,98894.0,36936.0,-6.453256985055231,-238357.5,14.600612777317128,1443913.0,-3.3846617189967825,,,,,,,,,,,,,,,,,,,,,,,,,,,,,,,,,,,,,,,,,,,,,,,,,,,,,,,,,,,,,,,,,,,,,,,,,,,,,,,,,,,,,,,,,,,,,,,,,,,,,,,,,,,,,,,,,
2026-03-02,,71.13,71.13,71.13,71.13,71.13,6.227598566308257,7.188065099457508,10.279069767441861,,39.71483521186621,,66.82199999999999,64.8395,,71.13,61.6,1.0,0.0,0.0,0.0,3.0,0.0,68.9,21.44,,118.667,,57.04,,,,,,,,439279.0,439279.0,26463.0,,,,,,,,,,,,,,,,,,,,,,,,,,,,,,,,,,,,61.5,,,,6881.62,,,,,,-0.4432,,,,,,,,,,138330.0,45825.0,-6.287711947626842,-288134.4,12.219135400853032,1690273.0,-2.6564884434376825,,,,,,,,,,,,,,,,,,,,,,,,,,,,,,,,,,,,,,,,,,,,,,,,,,,,,,,,,,,,,,,,,,,,,,,,,,,,,,,,,,,,,,,,,,,,,,,,,,,,,,,,,,,,,,,,,
2026-03-03,,74.48,74.48,74.48,74.48,74.48,4.7096864895262325,13.501981103322148,20.90909090909092,,37.685422533571256,,68.594,65.4835,,74.48,62.53,1.0,0.0,0.0,0.0,3.0,1.0,73.99,23.57,,119.4341,,56.52,,,,,,,,439279.0,439279.0,26463.0,,,,,,,,,,,,,,,,,,,,,,,,,,,,,,,,,,,,58.42,,,,6816.63,,,,,,-0.4432,,,,,,,,,,148505.0,47413.0,-6.203138379769262,-294109.4,12.068240126595065,1792194.0,-2.5704016028137255,,,,,,,,,,,,,,,,,,,,,,,,,,,,,,,,,,,,,,,,,,,,,,,,,,,,,,,,,,,,,,,,,,,,,,,,,,,,,,,,,,,,,,,,,,,,,,,,,,,,,,,,,,,,,,,,,
2026-03-04,,74.58,74.58,74.58,74.58,74.58,0.13426423200859627,14.211332312404302,19.099329287767496,,37.7106227130833,,70.44999999999999,66.08149999999999,,74.58,62.53,1.0,0.0,0.0,0.0,3.0,2.0,75.2,21.15,,119.0705,,56.19,,,,,,,,439279.0,439279.0,26463.0,,,,,,,,,,,,,,,,,,,,,,,,,,,,,,,,,,,,59.05,,,,6869.5,,,,,,-0.4432,,,,,,,,,,145481.0,44303.0,-6.054874387738979,-268249.1,11.551171630659674,1680476.0,-2.3504885196741374,,,,,,,,,,,,,,,,,,,,,,,,,,,,,,,,,,,,,,,,,,,,,,,,,,,,,,,,,,,,,,,,,,,,,,,,,,,,,,,,,,,,,,,,,,,,,,,,,,,,,,,,,,,,,,,,,
2026-03-05,,80.88,80.88,80.88,80.88,80.88,8.44730490748189,24.239631336405544,25.278810408921927,,45.75968124115128,,73.606,66.89750000000001,,80.88,62.53,1.0,0.0,0.0,0.0,3.0,3.0,83.83,23.75,,119.5683,,56.48,,,,,,,,439279.0,439279.0,26463.0,,,,,,,,,,,,,,,,,,,,,,,,,,,,,,,,,,,,57.63,,,,6830.71,,,,,,-0.4432,,,,,,,,,,150744.0,45609.0,-5.9226314981692205,-270125.3,11.892247784323091,1792685.0,-2.460769665452302,,,,,,,,,,,,,,,,,,,,,,,,,,,,,,,,,,,,,,,,,,,,,,,,,,,,,,,,,,,,,,,,,,,,,,,,,,,,,,,,,,,,,,,,,,,,,,,,,,,,,,,,,,,,,,,,,
2026-03-06,,90.77,90.77,90.77,90.77,90.77,12.227992087042526,35.55854241338112,44.30842607313195,,58.174396764267776,,78.36800000000001,68.291,,90.77,62.53,1.0,0.0,0.0,0.0,3.0,4.0,103.6,29.49,,119.491,,56.57,,,,,,,,443103.0,443103.0,26580.0,,,,,,,,,,,,,,,,,,,,,,,,,,,,,,,,,,,,57.32,,,,6740.02,,,,,,-0.4295,,,,,,,,,,137365.0,41041.0,-5.96536306042885,-244818.5,11.140159429257817,1530268.0,-2.319576085493127,,,,,,,,,,,,,,,,,,,,,,,,,,,,,,,,,,,,,,,,,,,,,,,,,,,,,,,,,,,,,,,,,,,,,,,,,,,,,,,,,,,,,,,,,,,,,,,,,,,,,,,,,,,,,,,,,
2026-03-07,,,,,,,,,,,,,,,,,,,,,,,,,,,119.491,,,,,,,,,,443103.0,443103.0,26580.0,,,,,,,,,,,,,,,,,,,,,,,,,,,,,,,,,,,,,,,,6740.02,,,,,,-0.4295,,,,,,,,,,91984.0,27969.0,-6.222567842969001,-174039.0,12.77870064359019,1175436.0,-2.459433565097441,,,,,,,,,,,,,,,,,,,,,,,,,,,,,,,,,,,,,,,,,,,,,,,,,,,,,,,,,,,,,,,,,,,,,,,,,,,,,,,,,,,,,,,,,,,,,,,,,,,,,,,,,,,,,,,,,
2026-03-08,,,,,,,,,,,,,,,,,,,,,,,,,,,119.491,,,,,,,,,,443103.0,443103.0,26580.0,,,,,,,,,,,,,,,,,,,,,,,,,,,,,,,,,,,,,,,,6740.02,,,,,,-0.4295,,,,,,,,,,78314.0,24694.0,-6.278043249372317,-155030.0,12.024580534770283,941693.0,-2.3956511717666094,,,,,,,,,,,,,,,,,,,,,,,,,,,,,,,,,,,,,,,,,,,,,,,,,,,,,,,,,,,,,,,,,,,,,,,,,,,,,,,,,,,,,,,,,,,,,,,,,,,,,,,,,,,,,,,,,
2026-03-09,,94.65,94.65,94.65,94.65,94.65,4.274540046270814,33.066216786166194,48.424023835659405,,58.728815220224675,,83.072,69.835,,94.65,62.53,1.0,0.0,0.0,0.0,3.0,0.0,100.53,25.5,,119.5151,,56.32,,,,,,,,443103.0,443103.0,26580.0,,,,,,,,,,,,,,,,,,,,,,,,,,,,,,,,,,,,58.45,,,,6795.99,,,,,,-0.4295,,,,,,,,,,116756.0,34894.0,-6.090293182013585,-212508.6,11.247481928123609,1313211.0,-2.201622451739083,,,,,,,,,,,,,,,,,,,,,,,,,,,,,,,,,,,,,,,,,,,,,,,,,,,,,,,,,,,,,,,,,,,,,,,,,,,,,,,,,,,,,,,,,,,,,,,,,,,,,,,,,,,,,,,,,
2026-03-10,,83.71,83.71,83.71,83.71,83.71,-11.558372952984698,12.39258861439312,29.72260963892761,,76.09027733791804,,84.91799999999999,70.794,,94.65,62.53,0.0,0.0,0.0,0.0,3.0,1.0,108.19,24.93,,118.7255,,55.6,,,,,,,,443103.0,443103.0,26580.0,,,,,,,,,,,,,,,,,,,,,,,,,,,,,,,,,,,,58.68,,,,6781.48,,,,,,-0.4295,,,,,,,,,,126772.0,36134.0,-5.926634194941053,-214153.0,10.791957214526867,1368118.0,-2.175935917022208,,,,,,,,,,,,,,,,,,,,,,,,,,,,,,,,,,,,,,,,,,,,,,,,,,,,,,,,,,,,,,,,,,,,,,,,,,,,,,,,,,,,,,,,,,,,,,,,,,,,,,,,,,,,,,,,,
2026-03-11,,86.8,86.8,86.8,86.8,86.8,3.6913152550472006,16.385089836417265,35.202492211838,,76.1388453791199,,87.362,71.924,,94.65,62.53,0.0,0.0,0.0,0.0,3.0,2.0,120.91,24.23,,119.2885,,56.98,,,,,,,,443103.0,443103.0,26580.0,,,,,,,,,,,,,,,,,,,,,,,,,,,,,,,,,,,,58.83,,,,6775.8,,,,,,-0.4295,,,,,,,,,,131556.0,38493.0,-5.918551424934403,-227822.8,11.107087476055824,1461204.0,-2.239938056248694,,,,,,,,,,,,,,,,,,,,,,,,,,,,,,,,,,,,,,,,,,,,,,,,,,,,,,,,,,,,,,,,,,,,,,,,,,,,,,,,,,,,,,,,,,,,,,,,,,,,,,,,,,,,,,,,,
2026-03-12,,95.61,95.61,95.61,95.61,95.61,10.149769585253466,18.212166172106837,47.5462962962963,,81.83786077898453,,90.308,73.4645,,95.61,62.53,1.0,0.0,0.0,0.0,3.0,3.0,120.22,27.29,,119.8227,,57.51,,,,,,,,443103.0,443103.0,26580.0,,,,,,,,,,,,,,,,,,,,,,,,,,,,,,,,,,,,56.95,,,,6672.62,,,,,,-0.4295,,,,,,,,,,135264.0,39160.0,-5.95423391215526,-233167.8,10.98643393659806,1486069.0,-2.2720259198527866,,,,,,,,,,,,,,,,,,,,,,,,,,,,,,,,,,,,,,,,,,,,,,,,,,,,,,,,,,,,,,,,,,,,,,,,,,,,,,,,,,,,,,,,,,,,,,,,,,,,,,,,,,,,,,,,,
2026-03-13,,98.48,98.48,98.48,98.48,98.48,3.001778056688642,8.4939958135948,56.11921369689286,,79.92991237057254,,91.85,75.2345,,98.48,62.53,1.0,0.0,0.0,0.0,3.0,4.0,119.02,27.19,,120.5518,,57.7,,,,,,,,449259.0,449259.0,27524.0,,,,,,,,,,,,,,,,,,,,,,,,,,,,,,,,,,,,56.8,,,,6632.19,,,,,,-0.3,,,,,,,,,,131018.0,38907.0,-6.113958927699385,-237875.8,11.623334198354424,1522866.0,-2.3750900625465055,,,,,,,,,,,,,,,,,,,,,,,,,,,,,,,,,,,,,,,,,,,,,,,,,,,,,,,,,,,,,,,,,,,,,,,,,,,,,,,,,,,,,,,,,,,,,,,,,,,,,,,,,,,,,,,,,
2026-03-14,,,,,,,,,,,,,,,,,,,,,,,,,,,120.5518,,,,,,,,,,449259.0,449259.0,27524.0,,,,,,,,,,,,,,,,,,,,,,,,,,,,,,,,,,,,,,,,6632.19,,,,,,-0.3,,,,,,,,,,83832.0,26398.0,-6.291177361921358,-166074.5,11.672034545281038,978490.0,-2.535766980071916,,,,,,,,,,,,,,,,,,,,,,,,,,,,,,,,,,,,,,,,,,,,,,,,,,,,,,,,,,,,,,,,,,,,,,,,,,,,,,,,,,,,,,,,,,,,,,,,,,,,,,,,,,,,,,,,,
2026-03-15,,,,,,,,,,,,,,,,,,,,,,,,,,,120.5518,,,,,,,,,,449259.0,449259.0,27524.0,,,,,,,,,,,,,,,,,,,,,,,,,,,,,,,,,,,,,,,,6632.19,,,,,,-0.3,,,,,,,,,,68671.0,21443.0,-6.302303782120038,-135140.3,11.333124608641203,778257.0,-2.394062219349346,,,,,,,,,,,,,,,,,,,,,,,,,,,,,,,,,,,,,,,,,,,,,,,,,,,,,,,,,,,,,,,,,,,,,,,,,,,,,,,,,,,,,,,,,,,,,,,,,,,,,,,,,,,,,,,,,
2026-03-16,,93.39,93.39,93.39,93.39,93.39,-5.168562144597888,-1.3312202852614918,48.12053925455988,,83.95198213223664,,91.598,76.7515,,98.48,62.53,0.0,0.0,0.0,0.0,3.0,0.0,101.97,23.51,,120.097,,57.9,,,,,,,,449259.0,449259.0,27524.0,,,,,,,,,,,,,,,,,,,,,,,,,,,,,,,,,,,,58.38,,,,6699.38,,,,,,-0.3,,,,,,,,,,118908.0,33771.0,-5.9028545201504246,-199345.3,11.655784303831533,1385966.0,-2.0832561490355253,,,,,,,,,,,,,,,,,,,,,,,,,,,,,,,,,,,,,,,,,,,,,,,,,,,,,,,,,,,,,,,,,,,,,,,,,,,,,,,,,,,,,,,,,,,,,,,,,,,,,,,,,,,,,,,,,
2026-03-17,,96.01,96.01,96.01,96.01,96.01,2.805439554556166,14.69358499581892,53.542299696145854,,83.25130282515757,,94.058,78.42549999999999,,98.48,65.1,0.0,0.0,0.0,0.0,3.0,1.0,95.92,22.37,,119.8328,,58.51,,,,,,,,449259.0,449259.0,27524.0,,,,,,,,,,,,,,,,,,,,,,,,,,,,,,,,,,,,58.75,,,,6716.09,,,,,,-0.3,,,,,,,,,,133392.0,39354.0,-5.871708085582151,-231075.19999999998,12.29576736236056,1640157.0,-2.2980749764861845,,,,,,,,,,,,,,,,,,,,,,,,,,,,,,,,,,,,,,,,,,,,,,,,,,,,,,,,,,,,,,,,,,,,,,,,,,,,,,,,,,,,,,,,,,,,,,,,,,,,,,,,,,,,,,,,,
2026-03-18,,96.12,96.12,96.12,96.12,96.12,0.11457139881261291,10.737327188940093,47.1299556099801,,83.17650118821977,,95.922,79.965,,98.48,65.1,0.0,0.0,0.0,0.0,3.0,2.0,97.28,25.09,,119.9276,,58.43,,,,,,,,449259.0,449259.0,27524.0,,,,,,,,,,,,,,,,,,,,,,,,,,,,,,,,,,,,57.56,,,,6624.7,,,,,,-0.3,,,,,,,,,,135362.0,39908.0,-5.926941966523003,-236532.40000000002,11.280130317223446,1526901.0,-2.2435571675739587,,,,,,,,,,,,,,,,,,,,,,,,,,,,,,,,,,,,,,,,,,,,,,,,,,,,,,,,,,,,,,,,,,,,,,,,,,,,,,,,,,,,,,,,,,,,,,,,,,,,,,,,,,,,,,,,,
2026-03-19,,96.11,96.11,96.11,96.11,96.11,-0.010403662089064625,0.5229578495973275,44.179417941794185,,83.50725502180923,,96.022,81.43749999999999,,98.48,65.1,0.0,0.0,0.0,0.0,3.0,3.0,92.68,24.06,,120.1802,,59.36,,,,,,,,449259.0,449259.0,27524.0,,,,,,,,,,,,,,,,,,,,,,,,,,,,,,,,,,,,57.62,,,,6606.49,,,,,,-0.3,,,,,,,,,,131899.0,38322.0,-5.802630342883983,-222368.4,11.125361071729126,1467424.0,-2.2237064403710187,,,,,,,,,,,,,,,,,,,,,,,,,,,,,,,,,,,,,,,,,,,,,,,,,,,,,,,,,,,,,,,,,,,,,,,,,,,,,,,,,,,,,,,,,,,,,,,,,,,,,,,,,,,,,,,,,
2026-03-20,,98.71,98.71,98.71,98.71,98.71,2.705233586515443,0.23354995938260625,48.013195381616434,,83.22426297413521,,96.068,83.0385,,98.71,65.1,1.0,0.0,0.0,0.0,3.0,4.0,91.85,26.78,,120.2757,,59.31,,,,,,,,456185.0,456185.0,30945.0,,,,,,,,,,,,,,,,,,,,,,,,,,,,,,,,,,,,55.64,,,,6506.48,,,,,,-0.368,,,,,,,,,,116574.0,33191.0,-5.83122493894902,-193415.90000000002,11.161699864463774,1301164.0,-2.1141410339533957,,,,,,,,,,,,,,,,,,,,,,,,,,,,,,,,,,,,,,,,,,,,,,,,,,,,,,,,,,,,,,,,,,,,,,,,,,,,,,,,,,,,,,,,,,,,,,,,,,,,,,,,,,,,,,,,,
2026-03-21,,,,,,,,,,,,,,,,,,,,,,,,,,,120.2757,,,,,,,,,,456185.0,456185.0,30945.0,,,,,,,,,,,,,,,,,,,,,,,,,,,,,,,,,,,,,,,,6506.48,,,,,,-0.368,,,,,,,,,,71336.0,20929.0,-5.954682793899699,-124554.1,12.731706291353595,908229.0,-2.1513587830225935,,,,,,,,,,,,,,,,,,,,,,,,,,,,,,,,,,,,,,,,,,,,,,,,,,,,,,,,,,,,,,,,,,,,,,,,,,,,,,,,,,,,,,,,,,,,,,,,,,,,,,,,,,,,,,,,,
2026-03-22,,,,,,,,,,,,,,,,,,,,,,,,,,,120.2757,,,,,,,,,,456185.0,456185.0,30945.0,,,,,,,,,,,,,,,,,,,,,,,,,,,,,,,,,,,,,,,,6506.48,,,,,,-0.368,,,,,,,,,,58599.0,18462.0,-6.1925089372765685,-114326.1,12.31788938377788,721816.0,-2.4660650218245346,,,,,,,,,,,,,,,,,,,,,,,,,,,,,,,,,,,,,,,,,,,,,,,,,,,,,,,,,,,,,,,,,,,,,,,,,,,,,,,,,,,,,,,,,,,,,,,,,,,,,,,,,,,,,,,,,
2026-03-23,,89.33,89.33,89.33,89.33,89.33,-9.50258332489109,-4.347360531106115,34.61422543701025,,92.58027084853317,,95.256,84.187,,98.71,65.1,0.0,0.0,0.0,0.0,3.0,0.0,89.78,26.15,,119.9371,,59.63,,,,,,,,456185.0,456185.0,30945.0,,,,,,,,,,,,,,,,,,,,,,,,,,,,,,,,,,,,57.31,,,,6581.0,,,,,,-0.368,,,,,,,,,,100882.0,28726.0,-5.977250574392537,-171702.5,11.485299657025038,1158660.0,-2.191433913983095,,,,,,,,,,,,,,,,,,,,,,,,,,,,,,,,,,,,,,,,,,,,,,,,,,,,,,,,,,,,,,,,,,,,,,,,,,,,,,,,,,,,,,,,,,,,,,,,,,,,,,,,,,,,,,,,,
2026-03-24,,93.18,93.18,93.18,93.18,93.18,4.309862308295087,-2.9476096239974936,41.99939042974703,,92.42614926749401,,94.69,85.565,,98.71,65.1,0.0,0.0,0.0,0.0,3.0,1.0,89.34,26.95,,120.1295,,60.84,,,,333190.0,-534298.0,,,456185.0,456185.0,30945.0,,,,,,,,,,,,,,,,,,,,,,,,,,,,,,,,,,,,56.52,,,,6556.37,,,,,,-0.368,,,,,,,,,,119066.0,33905.0,-5.886305854593718,-199575.2,12.239967748979558,1457364.0,-2.133971167298697,,,,,,,,,,,,,,,,,,,,,,,,,,,,,,,,,,,,,,,,,,,,,,,,,,,,,,,,,,,,,,,,,,,,,,,,,,,,,,,,,,,,,,,,,,,,,,,,,,,,,,,,,,,,,,,,,
2026-03-25,,91.51,91.51,91.51,91.51,91.51,-1.792230092294489,-4.796088223054518,40.13782542113324,,92.99322902984683,,93.768,86.8755,,98.71,65.1,0.0,0.0,0.0,0.0,3.0,2.0,90.16,25.33,,120.1282,,60.57,,,,,,,,456185.0,456185.0,30945.0,,,,,,,,,,,,,,,,,,,,,,,,,,,,,,,,,,,,57.42,,,,6591.9,,,,,,-0.368,,,,,,,,,,123713.0,34601.0,-5.830305482500505,-201734.4,11.776498831974004,1456906.0,-2.059606252927017,,,,,,,,,,,,,,,,,,,,,,,,,,,,,,,,,,,,,,,,,,,,,,,,,,,,,,,,,,,,,,,,,,,,,,,,,,,,,,,,,,,,,,,,,,,,,,,,,,,,,,,,,,,,,,,,,
2026-03-26,,96.18,96.18,96.18,96.18,96.18,5.103267402469669,0.0728332119446451,47.741935483871,,93.2992971180919,,93.782,88.42949999999999,,98.71,66.96,0.0,0.0,0.0,0.0,3.0,3.0,92.37,27.44,,120.389,,61.52,,,,,,,,456185.0,456185.0,30945.0,,,,,,,,,,,,,,,,,,,,,,,,,,,,,,,,,,,,55.47,,,,6477.16,,,,,,-0.368,,,,,,,,,,122103.0,35177.0,-5.7584643374932485,-202565.5,12.47397688836474,1523110.0,-2.2281105423180225,,,,,,,,,,,,,,,,,,,,,,,,,,,,,,,,,,,,,,,,,,,,,,,,,,,,,,,,,,,,,,,,,,,,,,,,,,,,,,,,,,,,,,,,,,,,,,,,,,,,,,,,,,,,,,,,,
2026-03-27,,101.26,101.26,101.26,101.26,101.26,5.2817633603659875,2.58332489109514,51.22461170848269,,93.94247306975288,,94.292,90.1445,,101.26,71.13,1.0,0.0,0.0,0.0,3.0,4.0,96.64,31.05,,120.8851,,62.56,,,,,,,,461636.0,461636.0,31465.0,,,,,,,,,,,,,,,,,,,,,,,,,,,,,,,,,,,,55.2,,,,6368.85,,,,,,-0.1828,,,,,,,,,,113765.0,32142.0,-5.820667662248772,-187087.90000000002,12.147110271173032,1381916.0,-2.203593977870781,,,,,,,,,,,,,,,,,,,,,,,,,,,,,,,,,,,,,,,,,,,,,,,,,,,,,,,,,,,,,,,,,,,,,,,,,,,,,,,,,,,,,,,,,,,,,,,,,,,,,,,,,,,,,,,,,
2026-03-28,,,,,,,,,,,,,,,,,,,,,,,,,,,,,,,,,,,,,,,,,,,,,,,,,,,,,,,,,,,,,,,,,,,,,,,,,,,,,,,6368.85,,,,,,,,,,,,,,,,77524.0,22495.0,-6.107872860635696,-137396.59999999998,11.470176977452144,889214.0,-2.3549775472877443,,,,,,,,,,,,,,,,,,,,,,,,,,,,,,,,,,,,,,,,,,,,,,,,,,,,,,,,,,,,,,,,,,,,,,,,,,,,,,,,,,,,,,,,,,,,,,,,,,,,,,,,,,,,,,,,,
2026-03-29,,,,,,,,,,,,,,,,,,,,,,,,,,,,,,,,,,,,,,,,,,,,,,,,,,,,,,,,,,,,,,,,,,,,,,,,,,,,,,,6368.85,,,,,,,,,,,,,,,,68512.0,20929.0,-6.145238664054661,-128613.7,12.962138019617,888062.0,-2.518253596985299,,,,,,,,,,,,,,,,,,,,,,,,,,,,,,,,,,,,,,,,,,,,,,,,,,,,,,,,,,,,,,,,,,,,,,,,,,,,,,,,,,,,,,,,,,,,,,,,,,,,,,,,,,,,,,,,,
2026-03-30,,104.69,104.69,104.69,104.69,104.69,3.387319770886821,17.194671442964292,47.18121748910447,,92.88556124185766,,97.364,91.8225,72.23299999999999,104.69,74.48,1.0,0.0,0.0,0.0,3.0,0.0,95.84,30.61,,,,61.96,,,,,,,,,,,,,,,,,,,,,,,,,,,,,,,,,,,,,,,,,,,,,,54.75,,,,6343.72,,,,,,,,,,,,,,,,112958.0,33519.0,-6.068962019273802,-203413.40000000002,11.514412436480816,1300645.0,-2.311082844852741,,,,,,,,,,,,,,,,,,,,,,,,,,,,,,,,,,,,,,,,,,,,,,,,,,,,,,,,,,,,,,,,,,,,,,,,,,,,,,,,,,,,,,,,,,,,,,,,,,,,,,,,,,,,,,,,,
2026-03-31,,,,,,,,,,,,,,,,,,,,,,,,89.39,25.25,,,,61.26,,,,,,,,,,,,,,,,,,,,,,,,,,,,,,,,,,,,,,,,,,,,,,56.79,,,,6528.52,,,,,,,,,,,,,,,,120412.0,35276.0,-5.806610726839778,-204834.0,11.877221539381457,1430160.0,-2.268945491411246,,,,,,,,,,,,,,,,,,,,,,,,,,,,,,,,,,,,,,,,,,,,,,,,,,,,,,,,,,,,,,,,,,,,,,,,,,,,,,,,,,,,,,,,,,,,,,,,,,,,,,,,,,,,,,,,,
2026-04-01,,,,,,,,,,,,,,,,,,,,,,,,91.8,24.54,,,,58.97,,,,,,,,,,,,,,,,,,,,,,,,,,,,,,,,,,,,,,,,,,,,,,57.23,,,,6575.32,,,,,,,,,,,,,,,,,,,,,,,,,,,,,,,,,,,,,,,,,,,,,,,,,,,,,,,,,,,,,,,,,,,,,,,,,,,,,,,,,,,,,,,,,,,,,,,,,,,,,,,,,,,,,,,,,,,,,,,,,,,,,,,,,,,,,,,
